"Points:0","Points:1","Points:2"
0.212934 0.120158 0.144699
0.205365 0.120022 0.128309
